Date,Camps,Notice
2/11/2021,"Roadhome 1, State & 7th 1, State & 7th 2",Yes
3/3/2021,Murals West,
3/4/2021,KOA,
3/17/2021,Lowes,
4/1/2021,"Roadhome 1, Roadhome 2",
4/14/2021,"Murals North, East, & South",
4/28/2021,600W South Temple,
5/4/2021,600S 400W,
5/19/2021,"8th & Main, Lowes, 7th & State 1",
6/15/2021,"Roadhome 1, Roadhome Combined",
6/30/2021,Beck Street,
7/28/2021," 600W South Temple, Roadhome 1-3",
7/30/2021,"Roadhome 1,  8th & Main",
8/4/2021,500 & 700 Underpass,
9/23/2021,"Train Tracks, Train Tracks 2",
